customer_id,donation_id,donation_date,donation_end_date,donation_amount,product,channel_pay
9568704,12754670.3,2025-03-26,,5.0,Membership_TopUp,Bank Transfer
5191704,12807009.3,2025-08-18,,5.0,Membership_TopUp,Bank Transfer
863304,12682682.3,2024-12-03,,5.0,Membership_TopUp,Bank Transfer
9141504,12791114.3,2025-07-10,2025-07-11,10.0,Membership,Bank Transfer
562804,12761458.3,2025-04-04,2025-04-04,10.0,Membership,Bank Transfer
3364804,12745758.3,2025-03-10,2025-03-10,10.0,Membership,Bank Transfer
946194,12710223.3,2024-12-20,2024-12-20,10.0,Membership,Bank Transfer
2602404,12695295.3,2024-12-08,2024-12-08,10.0,Membership,Bank Transfer
7326304,12633163.3,2024-09-19,2024-09-19,10.0,Membership,Bank Transfer
766194,12605780.3,2024-08-23,2024-08-23,10.0,Membership,Bank Transfer
5236404,12598833.3,2024-08-12,2024-08-15,10.0,Membership,Bank Transfer
2126404,12811500.3,2025-08-21,2025-08-21,10.0,Membership,Bank Transfer
6318004,12776883.3,2025-05-06,,10.0,General_Donation,Bank Transfer
6363504,12720979.3,2025-02-07,2025-02-08,10.0,Membership,Bank Transfer
3174304,12634991.3,2024-09-19,2024-09-19,10.0,Membership,Bank Transfer
8642094,12806357.3,2025-08-18,,10.0,Membership_TopUp,Bank Transfer
268504,12765676.3,2025-04-11,2025-04-11,10.0,Membership,Bank Transfer
5809404,12666695.3,2024-11-28,2024-11-28,10.0,Membership,Bank Transfer
7505404,12607053.3,2024-08-26,2024-08-26,10.0,Membership,Bank Transfer
9550094,12514188.3,2024-02-14,2024-02-14,10.0,Membership,Bank Transfer
7319304,12792139.3,2025-07-12,2025-07-12,10.0,Membership,Bank Transfer
157094,12517015.3,2024-02-17,2024-02-17,10.0,Membership,Bank Transfer
8351504,12600042.3,2024-08-12,2024-08-15,10.0,Membership,Bank Transfer
1051894,12755532.3,2025-03-28,2025-03-28,10.0,Membership,Bank Transfer
8455894,12807290.3,2025-08-18,2025-08-18,10.0,Membership,Bank Transfer
5885694,12791389.3,2025-07-10,,10.0,Membership_TopUp,Bank Transfer
702794,12529228.3,2024-03-10,,10.0,General_Donation,Bank Transfer
3029504,12673696.3,2024-11-29,2024-11-29,10.0,Membership,Bank Transfer
8899404,12811923.3,2025-08-18,2025-08-22,10.0,Membership,Bank Transfer
7484704,12790416.3,2025-07-10,2025-07-11,10.0,Membership,Bank Transfer
1243504,12711925.3,2024-12-21,2024-12-21,10.0,Membership,Bank Transfer
4916194,12690252.3,2024-12-07,2024-12-07,10.0,Membership,Bank Transfer
2085404,12653499.3,2024-11-05,2024-11-06,10.0,Membership,Bank Transfer
7935304,12647584.3,2024-10-09,,10.0,General_Donation,Bank Transfer
1193504,12674949.3,2024-11-30,2024-11-30,10.0,Membership,Bank Transfer
3174304,12672472.3,2024-11-29,2024-11-29,10.0,Membership,Bank Transfer
691704,12752500.3,2025-03-21,2025-03-21,10.0,Membership,Bank Transfer
6877604,12695610.3,2024-12-08,2024-12-08,10.0,Membership,Bank Transfer
731904,1263422.1,2025-07-24,,10.0,General_Donation,Bank Transfer
5694804,12748379.3,2025-03-15,2025-03-15,10.0,Membership,Bank Transfer
3135404,12710765.3,2024-12-20,2024-12-20,10.0,Membership,Bank Transfer
6910504,12663713.3,2024-11-22,2024-11-22,10.0,Membership,Bank Transfer
4525304,12608874.3,2024-08-26,2024-08-26,10.0,Membership,Bank Transfer
6587804,1263187.1,2025-07-18,,10.0,General_Donation,Bank Transfer
2103994,12720056.3,2025-02-07,2025-02-08,10.0,Membership,Bank Transfer
8774194,12657867.3,2024-11-04,2024-11-07,10.0,Membership,Bank Transfer
7851504,12634487.3,2024-09-19,2024-09-19,10.0,Membership,Bank Transfer
6013404,12808333.3,2025-08-18,2025-08-18,10.0,Membership,Bank Transfer
5757304,12793578.3,2025-07-14,2025-07-14,10.0,Membership,Bank Transfer
3020804,12747483.3,2025-03-14,2025-03-14,10.0,Membership,Bank Transfer
5385404,12656464.3,2024-11-04,2024-11-07,10.0,Membership,Bank Transfer
6363504,12635582.3,2024-09-20,2024-09-20,10.0,Membership,Bank Transfer
5946194,12791897.3,2025-07-12,,10.0,Membership_TopUp,Bank Transfer
4664504,12677224.3,2024-12-01,2024-12-01,10.0,Membership,Bank Transfer
4135404,12610960.3,2024-08-29,2024-08-29,10.0,Membership,Bank Transfer
4478194,12568649.3,2024-04-28,2024-04-28,10.0,Membership,Bank Transfer
6844804,12750589.3,2025-03-16,2025-03-16,10.0,Membership,Bank Transfer
2658094,12739357.3,2025-03-05,2025-03-05,10.0,Membership,Bank Transfer
4412994,1263802.1,2025-08-03,,10.0,General_Donation,Bank Transfer
4984504,12595656.3,2024-08-01,,10.0,General_Donation,Bank Transfer
843094,12795308.3,2025-07-20,2025-07-20,10.0,Membership,Bank Transfer
7784504,12744314.3,2025-03-09,2025-03-09,10.0,Membership,Bank Transfer
971504,12721877.3,2025-02-07,2025-02-08,10.0,Membership,Bank Transfer
8351504,12660447.3,2024-11-11,2024-11-11,10.0,Membership,Bank Transfer
1677194,12608223.3,2024-08-26,2024-08-26,10.0,Membership,Bank Transfer
646504,12761678.3,2025-04-04,,10.0,Membership_TopUp,Bank Transfer
170094,12597221.3,2024-08-13,2024-08-14,10.0,Membership,Bank Transfer
4268304,12601027.3,2024-08-12,2024-08-15,10.0,Membership,Bank Transfer
1942094,12506501.3,2024-02-03,2024-02-03,10.0,Membership,Bank Transfer
8455894,12742436.3,2025-03-08,2025-03-08,10.0,Membership,Bank Transfer
8445194,12707931.3,2024-12-16,2024-12-16,10.0,Membership,Bank Transfer
3722304,12652942.3,2024-11-05,2024-11-06,10.0,Membership,Bank Transfer
3133094,12733911.3,2025-02-22,2025-02-22,10.0,Membership,Bank Transfer
6421304,12504401.3,2024-01-20,,10.0,General_Donation,Bank Transfer
854504,12807771.3,2025-08-18,2025-08-18,10.0,Membership,Bank Transfer
3302604,12755205.3,2025-03-28,2025-03-28,10.0,Membership,Bank Transfer
1233994,12610228.3,2024-08-29,2024-08-29,10.0,Membership,Bank Transfer
4752194,12805273.3,2025-08-18,2025-08-18,10.0,Membership,Bank Transfer
9739404,12599365.3,2024-08-13,2024-08-15,10.0,Membership,Bank Transfer
8366504,12711040.3,2024-12-21,2024-12-21,10.0,Membership,Bank Transfer
5471504,12650952.3,2024-10-26,2024-10-26,10.0,Membership,Bank Transfer
748304,12670461.3,2024-11-28,2024-11-28,10.0,Membership,Bank Transfer
5885694,12789423.3,2025-07-10,2025-07-11,10.0,Membership,Bank Transfer
3733804,12758870.3,2025-03-30,2025-03-30,10.0,Membership,Bank Transfer
313804,12809557.3,2025-08-19,2025-08-19,10.0,Membership,Bank Transfer
3152994,12519949.3,2024-02-28,2024-02-28,10.0,Membership,Bank Transfer
7935304,12699437.3,2024-12-12,,10.0,General_Donation,Bank Transfer
6862994,12810214.3,2025-08-20,2025-08-20,10.0,Membership,Bank Transfer
1121704,12802803.3,2025-08-14,2025-08-14,10.0,Membership,Bank Transfer
2472804,12753935.3,2025-03-23,2025-03-23,10.0,Membership,Bank Transfer
8107694,12585315.3,2024-06-03,2024-06-03,10.0,Membership,Bank Transfer
3070094,12516868.3,2024-02-17,2024-02-17,10.0,Membership,Bank Transfer
5325304,12601445.3,2024-08-12,2024-08-15,10.0,Membership,Bank Transfer
3733804,12811257.3,2025-08-21,,10.0,General_Donation,Bank Transfer
6444104,1264035.1,2025-08-08,,10.0,General_Donation,Bank Transfer
5642894,12751778.3,2025-03-20,,10.0,Membership_TopUp,Bank Transfer
998194,12599555.3,2024-08-12,2024-08-15,10.0,Membership,Bank Transfer
9290094,12778909.3,2025-05-21,2025-05-21,10.0,Membership,Bank Transfer
3194804,12744237.3,2025-03-09,2025-03-09,10.0,Membership,Bank Transfer
2103994,12655519.3,2024-11-04,2024-11-07,10.0,Membership,Bank Transfer
1385404,12601131.3,2024-08-12,2024-08-15,10.0,Membership,Bank Transfer
2625104,12784367.3,2025-06-21,,10.0,General_Donation,Bank Transfer
332804,12754249.3,2025-03-24,2025-03-24,10.0,Membership,Bank Transfer
1895404,12689946.3,2024-12-07,2024-12-07,10.0,Membership,Bank Transfer
8224894,12680001.3,2024-12-01,2024-12-01,10.0,Membership,Bank Transfer
2816304,12598255.3,2024-08-12,2024-08-15,10.0,Membership,Bank Transfer
9902994,12676292.3,2024-11-30,2024-11-30,10.0,Membership,Bank Transfer
3319404,12600810.3,2024-08-12,2024-08-15,10.0,Membership,Bank Transfer
1925194,12565927.3,2024-04-25,2024-04-25,10.0,Membership,Bank Transfer
9409704,12749381.3,2025-03-15,2025-03-15,10.0,Membership,Bank Transfer
4637194,12658648.3,2024-11-08,2024-11-08,10.0,Membership,Bank Transfer
3722304,12652773.3,2024-11-05,,10.0,Membership_TopUp,Bank Transfer
3214404,12601905.3,2024-08-16,2024-08-16,10.0,Membership,Bank Transfer
4530194,12733430.3,2025-02-22,2025-02-22,10.0,Membership,Bank Transfer
8555304,12654696.3,2024-11-04,2024-11-07,10.0,Membership,Bank Transfer
3489794,12730307.3,2025-02-13,,11.0,General_Donation,Bank Transfer
880404,1238285.1,2024-03-17,,12.0,General_Donation,Bank Transfer
7236204,1264414.1,2025-08-15,,12.0,General_Donation,Bank Transfer
8596304,1237409.1,2024-03-01,,12.0,General_Donation,Bank Transfer
3324504,1244690.1,2024-07-25,,12.0,General_Donation,Bank Transfer
5993504,1244523.1,2024-07-21,,12.0,General_Donation,Bank Transfer
3069104,1263119.1,2025-07-15,,12.0,General_Donation,Bank Transfer
456104,1262423.1,2025-06-29,,12.0,General_Donation,Bank Transfer
9055104,1262187.1,2025-06-24,,12.0,General_Donation,Bank Transfer
4991704,1248732.1,2024-10-07,,12.0,General_Donation,Bank Transfer
8294404,1262493.1,2025-06-29,,12.0,General_Donation,Bank Transfer
967404,1241351.1,2024-05-24,,12.0,General_Donation,Bank Transfer
2209704,1262933.1,2025-07-10,,12.0,General_Donation,Bank Transfer
2548404,12596028.3,2024-08-08,,15.0,General_Donation,Bank Transfer
9290094,12778938.3,2025-05-21,,20.0,Membership_TopUp,Bank Transfer
4911094,12670656.3,2024-11-28,,20.0,Membership_TopUp,Bank Transfer
7433094,12635744.3,2024-09-20,,20.0,Membership_TopUp,Bank Transfer
2151894,12515109.3,2024-02-14,,20.0,Membership_TopUp,Bank Transfer
8425104,1262047.1,2025-06-22,,20.0,General_Donation,Bank Transfer
754504,12674332.3,2024-11-29,,20.0,Membership_TopUp,Bank Transfer
8754804,12716347.3,2025-01-05,,20.0,General_Donation,Bank Transfer
4132804,12707127.3,2024-12-14,,20.0,General_Donation,Bank Transfer
3315804,12754474.3,2025-03-24,,20.0,Membership_TopUp,Bank Transfer
6768504,1263079.1,2025-07-14,,20.0,General_Donation,Bank Transfer
1159004,12804901.3,2025-08-17,,20.0,Membership_TopUp,Bank Transfer
3020804,12747087.3,2025-03-14,,20.0,Membership_TopUp,Bank Transfer
2095404,1252896.1,2024-12-15,,20.0,General_Donation,Bank Transfer
9073704,1252602.1,2024-12-12,,20.0,General_Donation,Bank Transfer
3521304,12545255.3,2024-03-03,,20.0,General_Donation,Bank Transfer
2249194,12618494.3,2024-09-05,,20.0,Membership_TopUp,Bank Transfer
6193994,12562599.3,2024-04-18,,20.0,Membership_TopUp,Bank Transfer
843094,12572581.3,2024-05-01,,20.0,Membership_TopUp,Bank Transfer
9276094,12718259.3,2025-02-04,,20.0,General_Donation,Bank Transfer
2300604,12651674.3,2024-11-01,,20.0,General_Donation,Bank Transfer
5819194,12599168.3,2024-08-12,,20.0,Membership_TopUp,Bank Transfer
1929894,12655429.3,2024-11-04,,20.0,Membership_TopUp,Bank Transfer
6215804,12775989.3,2025-05-02,,20.0,Membership_TopUp,Bank Transfer
2316304,1237143.1,2024-02-22,,20.0,General_Donation,Bank Transfer
4028504,1259147.1,2025-04-20,,24.0,General_Donation,Bank Transfer
3777704,1253236.1,2024-12-19,,24.0,General_Donation,Bank Transfer
1044894,1247578.1,2024-09-15,,30.0,General_Donation,Bank Transfer
9832704,1260398.1,2025-05-17,,30.0,General_Donation,Bank Transfer
5019404,1242426.1,2024-06-10,,30.0,General_Donation,Bank Transfer
3767404,1241395.1,2024-05-24,,30.0,General_Donation,Bank Transfer
7769194,1249886.1,2024-10-28,,30.0,General_Donation,Bank Transfer
3458094,12658545.3,2024-11-08,,35.0,Membership_TopUp,Bank Transfer
5362894,12655509.3,2024-11-05,,35.0,Membership_TopUp,Bank Transfer
3822104,1261310.1,2025-06-08,,36.0,General_Donation,Bank Transfer
4450304,1235456.1,2024-01-13,,36.0,General_Donation,Bank Transfer
8801704,1262797.1,2025-07-06,,38.0,Membership,Bank Transfer
1660304,1235491.1,2024-01-13,2024-03-21,38.0,Membership,Bank Transfer
1333194,1241931.1,2024-06-02,,40.0,General_Donation,Bank Transfer
2832704,1250293.1,2024-11-04,,40.0,General_Donation,Bank Transfer
6819504,1258791.1,2025-04-13,,40.0,General_Donation,Bank Transfer
4134604,1248004.1,2024-09-26,,40.0,General_Donation,Bank Transfer
5772504,1259775.1,2025-05-04,,40.0,General_Donation,Bank Transfer
9574504,1258817.1,2025-04-13,,40.0,General_Donation,Bank Transfer
9070094,1259203.1,2025-04-21,,40.0,General_Donation,Bank Transfer
7319504,1258828.1,2025-04-13,,40.0,General_Donation,Bank Transfer
790604,12809348.3,2025-08-19,,45.0,Membership_TopUp,Bank Transfer
6585404,12601483.3,2024-08-12,,45.0,Membership_TopUp,Bank Transfer
6084504,12746872.3,2025-03-13,,45.0,Membership_TopUp,Bank Transfer
2872504,12747290.3,2025-03-14,,45.0,Membership_TopUp,Bank Transfer
8098694,12508869.3,2024-02-04,,45.0,Membership_TopUp,Bank Transfer
6162904,12803785.3,2025-08-15,,45.0,Membership_TopUp,Bank Transfer
8478504,12711612.3,2024-12-21,,45.0,Membership_TopUp,Bank Transfer
4664504,12680307.3,2024-12-01,,45.0,Membership_TopUp,Bank Transfer
3307804,1255231.1,2025-01-25,2025-02-02,48.0,Membership,Bank Transfer
1252004,1258272.1,2025-03-30,2025-03-30,48.0,Membership,Bank Transfer
5133604,1247397.1,2024-09-12,2024-09-13,48.0,Membership,Bank Transfer
7656204,1264662.1,2025-08-20,,48.0,Membership,Bank Transfer
7815204,1264252.1,2025-08-12,,48.0,Membership,Bank Transfer
2253004,1258454.1,2025-04-04,2025-05-08,48.0,Membership,Bank Transfer
9496704,1250049.1,2024-11-01,2025-01-16,48.0,Membership,Bank Transfer
4039804,1255849.1,2025-02-08,2025-06-28,48.0,Membership,Bank Transfer
9055104,1262204.1,2025-06-24,2025-06-27,48.0,Membership,Bank Transfer
7061504,1243480.1,2024-06-30,,48.0,General_Donation,Bank Transfer
2492404,1238853.1,2024-03-29,2024-08-31,48.0,Membership,Bank Transfer
2492404,1238869.1,2024-03-29,2024-08-31,48.0,Membership,Bank Transfer
1402404,1238525.1,2024-03-22,2024-04-08,48.0,Membership,Bank Transfer
4547004,1259437.1,2025-04-27,2025-07-10,48.0,Membership,Bank Transfer
9811704,1248266.1,2024-09-29,2024-09-29,48.0,Membership,Bank Transfer
9850104,1263208.1,2025-07-18,2025-07-18,48.0,Membership,Bank Transfer
1129804,1255774.1,2025-02-07,2025-02-08,48.0,Membership,Bank Transfer
9383504,1244436.1,2024-07-19,2024-07-19,48.0,Membership,Bank Transfer
2549404,1242573.1,2024-06-15,2024-06-16,48.0,Membership,Bank Transfer
6735404,1240014.1,2024-04-27,2024-04-28,48.0,Membership,Bank Transfer
4370304,1235577.1,2024-01-14,2024-05-18,48.0,Membership,Bank Transfer
5746104,1262356.1,2025-06-28,,48.0,Membership,Bank Transfer
6562804,1253151.1,2024-12-18,2024-12-20,48.0,Membership,Bank Transfer
4351904,1256308.1,2025-02-16,2025-03-06,48.0,Membership,Bank Transfer
915104,1261866.1,2025-06-20,,48.0,Membership,Bank Transfer
5870004,1260789.1,2025-05-26,,48.0,Membership,Bank Transfer
2071904,1256385.1,2025-02-17,,48.0,Membership,Bank Transfer
3164004,1258779.1,2025-04-13,,48.0,General_Donation,Bank Transfer
6001604,1246769.1,2024-08-31,2024-09-21,48.0,Membership,Bank Transfer
1270804,1252047.1,2024-12-05,2025-04-19,48.0,Membership,Bank Transfer
8669104,1263153.1,2025-07-17,,48.0,Membership,Bank Transfer
9086104,1262555.1,2025-06-30,,48.0,Membership,Bank Transfer
3815104,1261976.1,2025-06-20,2025-07-21,48.0,Membership,Bank Transfer
1229504,1246424.1,2024-08-25,2024-12-20,48.0,Membership,Bank Transfer
4458804,1255678.1,2025-02-03,2025-02-09,48.0,Membership,Bank Transfer
9683704,1249589.1,2024-10-23,2024-11-18,48.0,Membership,Bank Transfer
9905804,1254501.1,2025-01-13,2025-06-02,48.0,Membership,Bank Transfer
8511704,1248280.1,2024-09-29,,48.0,General_Donation,Bank Transfer
2971004,12778020.3,2025-05-15,2025-05-17,48.0,Membership,Bank Transfer
2712804,1252764.1,2024-12-14,2025-05-09,48.0,Membership,Bank Transfer
5929504,1246575.1,2024-08-27,2024-09-16,48.0,Membership,Bank Transfer
8342404,1238845.1,2024-03-28,2024-03-28,48.0,Membership,Bank Transfer
5746204,1264484.1,2025-08-17,,48.0,Membership,Bank Transfer
5563004,1258644.1,2025-04-06,2025-04-06,48.0,Membership,Bank Transfer
7252904,1256583.1,2025-02-22,2025-07-04,48.0,Membership,Bank Transfer
6506804,1254677.1,2025-01-17,2025-01-27,48.0,Membership,Bank Transfer
1783804,1253659.1,2024-12-24,2025-05-08,48.0,Membership,Bank Transfer
8593404,1239431.1,2024-04-09,2024-05-02,48.0,Membership,Bank Transfer
8157004,1259516.1,2025-04-28,2025-05-26,48.0,Membership,Bank Transfer
456204,1264642.1,2025-08-19,,48.0,Membership,Bank Transfer
8056204,1264613.1,2025-08-18,,48.0,Membership,Bank Transfer
5115204,1264247.1,2025-08-11,,48.0,Membership,Bank Transfer
225804,1254563.1,2025-01-16,2025-06-16,48.0,Membership,Bank Transfer
3420904,1255967.1,2025-02-10,2025-02-10,48.0,Membership,Bank Transfer
7197704,1251156.1,2024-11-22,2024-11-22,48.0,Membership,Bank Transfer
3673704,1249450.1,2024-10-20,2024-11-04,48.0,Membership,Bank Transfer
6754904,1257181.1,2025-03-08,2025-08-07,48.0,Membership,Bank Transfer
520604,1259178.1,2025-04-20,2025-05-04,48.0,Membership,Bank Transfer
7121804,1252222.1,2024-12-07,2025-05-07,48.0,Membership,Bank Transfer
4012704,1248883.1,2024-10-10,2024-12-02,48.0,Membership,Bank Transfer
6119404,1242399.1,2024-06-10,2024-06-24,48.0,Membership,Bank Transfer
777404,1241601.1,2024-05-26,2024-06-29,48.0,Membership,Bank Transfer
8871404,1238414.1,2024-03-21,2024-03-22,48.0,Membership,Bank Transfer
4605204,1264183.1,2025-08-10,,48.0,Membership,Bank Transfer
5549004,1260340.1,2025-05-16,,48.0,Membership,Bank Transfer
8634194,12588226.3,2024-06-16,2024-08-16,48.0,Membership,Bank Transfer
7287004,1259603.1,2025-05-01,2025-05-17,48.0,Membership,Bank Transfer
3276304,12733014.3,2025-02-20,2025-02-27,48.0,Membership,Bank Transfer
3083704,1249553.1,2024-10-21,2024-10-26,48.0,Membership,Bank Transfer
8664504,1244883.1,2024-07-27,2024-07-27,48.0,Membership,Bank Transfer
5114204,1263910.1,2025-08-05,,48.0,Membership,Bank Transfer
9235104,1262074.1,2025-06-22,,48.0,Membership,Bank Transfer
1893104,1261489.1,2025-06-13,,48.0,Membership,Bank Transfer
647704,1250473.1,2024-11-09,2024-11-17,48.0,Membership,Bank Transfer
7341804,1252451.1,2024-12-09,,48.0,Membership,Bank Transfer
7307604,1247902.1,2024-09-21,2024-10-07,48.0,Membership,Bank Transfer
9921104,1260985.1,2025-05-31,2025-08-15,48.0,Membership,Bank Transfer
4205804,1254395.1,2025-01-12,2025-06-13,48.0,Membership,Bank Transfer
6454504,1244682.1,2024-07-25,2024-08-04,48.0,Membership,Bank Transfer
7012404,1238571.1,2024-03-23,2024-04-05,48.0,Membership,Bank Transfer
4358404,1242074.1,2024-06-06,2024-07-04,48.0,Membership,Bank Transfer
6693604,1247495.1,2024-09-13,2024-09-14,48.0,Membership,Bank Transfer
9709004,1260139.1,2025-05-11,2025-06-01,48.0,Membership,Bank Transfer
17804,1255320.1,2025-01-27,2025-02-01,48.0,Membership,Bank Transfer
3417704,1250239.1,2024-11-04,2024-11-04,48.0,Membership,Bank Transfer
1824904,1257094.1,2025-03-06,2025-03-07,48.0,Membership,Bank Transfer
8016804,12769710.3,2025-04-17,,50.0,Membership_TopUp,Bank Transfer
7935304,12706767.3,2024-12-15,,50.0,General_Donation,Bank Transfer
9760304,12531923.3,2024-03-11,,50.0,General_Donation,Bank Transfer
2656904,1258129.1,2025-03-27,,50.0,General_Donation,Bank Transfer
7694204,12800700.3,2025-08-09,,50.0,General_Donation,Bank Transfer
3698504,1258845.1,2025-04-13,,50.0,General_Donation,Bank Transfer
6037894,12576616.3,2024-05-05,,50.0,General_Donation,Bank Transfer
2602404,1258786.1,2025-04-13,,50.0,General_Donation,Bank Transfer
2322704,1257411.1,2025-03-14,,50.0,General_Donation,Bank Transfer
6348504,1246004.1,2024-08-17,,60.0,General_Donation,Bank Transfer
1942094,12722081.3,2025-02-07,,60.0,Membership_TopUp,Bank Transfer
6421304,12586699.3,2024-06-09,,60.0,General_Donation,Bank Transfer
1624604,1247635.1,2024-09-15,,60.0,General_Donation,Bank Transfer
3983994,1254787.1,2025-01-18,,70.0,General_Donation,Bank Transfer
7326304,1249902.1,2024-10-28,,70.0,General_Donation,Bank Transfer
9936404,1254888.1,2025-01-19,,70.0,General_Donation,Bank Transfer
4159404,1256040.1,2025-02-10,,70.0,General_Donation,Bank Transfer
2588694,1261345.1,2025-06-08,,72.0,Membership,Bank Transfer
8157804,1255386.1,2025-01-30,,72.0,General_Donation,Bank Transfer
2252404,1257032.1,2025-03-06,,75.0,General_Donation,Bank Transfer
3190604,1252212.1,2024-12-07,,80.0,General_Donation,Bank Transfer
6421304,12571657.3,2024-04-29,,85.0,General_Donation,Bank Transfer
8164904,1257208.1,2025-03-09,,90.0,General_Donation,Bank Transfer
3417704,1250252.1,2024-11-04,,90.0,General_Donation,Bank Transfer
1432304,1236194.1,2024-01-27,2024-03-16,96.0,Membership,Bank Transfer
5070504,1243201.1,2024-06-27,,96.0,General_Donation,Bank Transfer
5194804,1254276.1,2025-01-10,,96.0,General_Donation,Bank Transfer
967404,1261338.1,2025-06-08,,96.0,Membership,Bank Transfer
6007804,1255211.1,2025-01-25,2025-07-09,96.0,Membership,Bank Transfer
6122404,1238601.1,2024-03-24,2024-04-27,96.0,Membership,Bank Transfer
9247304,1237645.1,2024-03-03,2025-04-05,96.0,Membership,Bank Transfer
3497004,1259665.1,2025-05-02,,96.0,Membership,Bank Transfer
9242504,1243659.1,2024-07-04,,96.0,General_Donation,Bank Transfer
5921304,1236039.1,2024-01-21,2024-03-11,96.0,Membership,Bank Transfer
3906804,1254665.1,2025-01-17,2025-06-29,96.0,Membership,Bank Transfer
7537704,1250339.1,2024-11-07,2025-01-24,96.0,Membership,Bank Transfer
4671804,1252630.1,2024-12-12,2025-05-27,96.0,Membership,Bank Transfer
3431104,1261037.1,2025-06-01,,96.0,Membership,Bank Transfer
1230504,1242939.1,2024-06-23,2024-08-18,96.0,Membership,Bank Transfer
2251804,1252405.1,2024-12-09,2025-06-24,96.0,Membership,Bank Transfer
3270004,1260763.1,2025-05-25,,96.0,Membership,Bank Transfer
4342004,1258193.1,2025-03-29,,96.0,Membership,Bank Transfer
9159804,1255854.1,2025-02-08,,96.0,Membership,Bank Transfer
9142804,1253000.1,2024-12-15,,96.0,Membership,Bank Transfer
9653304,12512884.3,2024-02-11,2024-03-11,96.0,Membership,Bank Transfer
6695704,1249919.1,2024-10-28,,96.0,General_Donation,Bank Transfer
6856104,1262490.1,2025-06-29,,96.0,Membership,Bank Transfer
5307304,1237500.1,2024-03-02,2024-06-16,96.0,Membership,Bank Transfer
7846504,1245625.1,2024-08-10,2024-10-07,96.0,Membership,Bank Transfer
3797104,1262777.1,2025-07-06,,96.0,Membership,Bank Transfer
7134404,1239567.1,2024-04-13,2024-05-24,96.0,Membership,Bank Transfer
9290604,1246730.1,2024-08-30,2025-07-26,96.0,Membership,Bank Transfer
6630804,1251873.1,2024-12-01,,96.0,Membership,Bank Transfer
6770804,1252023.1,2024-12-05,2025-07-25,96.0,Membership,Bank Transfer
4245104,1262160.1,2025-06-23,,96.0,Membership,Bank Transfer
6133804,1253356.1,2024-12-21,2025-02-02,96.0,Membership,Bank Transfer
9064304,1236688.1,2024-02-09,2024-08-10,96.0,Membership,Bank Transfer
2704404,1239492.1,2024-04-11,2024-11-19,96.0,Membership,Bank Transfer
56104,1262389.1,2025-06-28,,96.0,Membership,Bank Transfer
7809004,1260097.1,2025-05-11,2025-07-25,96.0,Membership,Bank Transfer
3220804,1251614.1,2024-11-29,2025-06-09,96.0,Membership,Bank Transfer
5748404,12650538.3,2024-10-24,2025-04-26,96.0,Membership,Bank Transfer
8126304,1249568.1,2024-10-21,,100.0,General_Donation,Bank Transfer
1488404,1242077.1,2024-06-06,2024-06-14,100.0,Membership,Bank Transfer
1534404,12652091.3,2024-11-04,,100.0,Membership_TopUp,Bank Transfer
9760304,12789016.3,2025-07-05,,100.0,General_Donation,Bank Transfer
6533504,1256759.1,2025-02-27,,100.0,General_Donation,Bank Transfer
249894,12548787.3,2024-03-07,,100.0,General_Donation,Bank Transfer
1494804,1258976.1,2025-04-17,,100.0,General_Donation,Bank Transfer
3688704,1251329.1,2024-11-24,,108.0,General_Donation,Bank Transfer
6001604,1247895.1,2024-09-21,,110.0,General_Donation,Bank Transfer
1233994,1262103.1,2025-06-22,,114.0,General_Donation,Bank Transfer
932704,1249150.1,2024-10-14,,120.0,General_Donation,Bank Transfer
2433804,1256779.1,2025-02-28,,120.0,General_Donation,Bank Transfer
5675704,1249688.1,2024-10-25,,120.0,General_Donation,Bank Transfer
6174304,1249182.1,2024-10-14,,120.0,General_Donation,Bank Transfer
6412504,1243682.1,2024-07-04,,130.0,General_Donation,Bank Transfer
3422304,1242072.1,2024-06-06,,130.0,General_Donation,Bank Transfer
73304,1242750.1,2024-06-20,,140.0,General_Donation,Bank Transfer
9159894,1238365.1,2024-03-18,,140.0,General_Donation,Bank Transfer
9383404,1256030.1,2025-02-10,,140.0,General_Donation,Bank Transfer
9242704,1249187.1,2024-10-14,,144.0,Membership,Bank Transfer
7551894,1245715.1,2024-08-11,,144.0,General_Donation,Bank Transfer
3090804,1252062.1,2024-12-05,2025-03-17,144.0,Membership,Bank Transfer
5151804,1252439.1,2024-12-09,2025-03-08,144.0,Membership,Bank Transfer
2596704,1250017.1,2024-11-01,2025-06-22,144.0,Membership,Bank Transfer
2070004,1262855.1,2025-07-07,,144.0,Membership,Bank Transfer
5101104,1260911.1,2025-05-30,,144.0,Membership,Bank Transfer
5363304,1236475.1,2024-02-03,2024-11-22,144.0,Membership,Bank Transfer
2971004,1258184.1,2025-03-28,,144.0,Membership,Bank Transfer
5222104,1261205.1,2025-06-06,,144.0,Membership,Bank Transfer
4394804,1254338.1,2025-01-11,2025-04-05,144.0,Membership,Bank Transfer
5972504,1243888.1,2024-07-07,2024-09-15,144.0,Membership,Bank Transfer
6642304,1236329.1,2024-01-31,,144.0,General_Donation,Bank Transfer
4363904,1256799.1,2025-02-28,2025-05-29,144.0,Membership,Bank Transfer
4470804,1252019.1,2024-12-05,2025-06-28,144.0,Membership,Bank Transfer
7402404,1238503.1,2024-03-22,2024-11-22,144.0,Membership,Bank Transfer
8452704,1249253.1,2024-10-17,2025-06-16,144.0,Membership,Bank Transfer
9242704,1249192.1,2024-10-14,,144.0,Membership,Bank Transfer
7218004,1260395.1,2025-05-17,,144.0,Membership,Bank Transfer
3942804,1253079.1,2024-12-16,2025-02-21,144.0,Membership,Bank Transfer
4039504,1246573.1,2024-08-27,,144.0,General_Donation,Bank Transfer
6171504,1243409.1,2024-06-30,2025-06-16,144.0,Membership,Bank Transfer
3238804,1255511.1,2025-01-31,2025-08-10,144.0,Membership,Bank Transfer
6864304,1236761.1,2024-02-11,2024-05-04,144.0,Membership,Bank Transfer
6245104,1262166.1,2025-06-23,,144.0,Membership,Bank Transfer
4949894,1241515.1,2024-05-26,,150.0,General_Donation,Bank Transfer
7970794,12545667.3,2024-03-10,,150.0,General_Donation,Bank Transfer
4319504,1255082.1,2025-01-23,,150.0,General_Donation,Bank Transfer
3070404,1238431.1,2024-03-21,,150.0,General_Donation,Bank Transfer
7706404,1242021.1,2024-06-03,,150.0,General_Donation,Bank Transfer
6595504,1245394.1,2024-08-06,,156.0,General_Donation,Bank Transfer
1149894,1240116.1,2024-04-28,,160.0,General_Donation,Bank Transfer
7719404,1242452.1,2024-06-11,,180.0,General_Donation,Bank Transfer
8409194,1238349.1,2024-03-18,,180.0,General_Donation,Bank Transfer
9226304,1237269.1,2024-02-24,,180.0,General_Donation,Bank Transfer
4495504,1258893.1,2025-04-14,,192.0,Membership,Bank Transfer
9309004,1260064.1,2025-05-10,,192.0,Membership,Bank Transfer
2779404,1242761.1,2024-06-20,2024-09-20,192.0,Membership,Bank Transfer
7397004,1259657.1,2025-05-02,,192.0,Membership,Bank Transfer
409004,1260042.1,2025-05-10,,192.0,Membership,Bank Transfer
929304,1238103.1,2024-03-12,2024-06-14,192.0,Membership,Bank Transfer
582604,1247398.1,2024-09-12,,192.0,Membership,Bank Transfer
3169404,1242705.1,2024-06-17,2025-02-13,192.0,Membership,Bank Transfer
2968004,1259949.1,2025-05-08,,192.0,Membership,Bank Transfer
1557004,1259544.1,2025-04-29,,192.0,Membership,Bank Transfer
5285504,1245246.1,2024-08-04,2024-11-21,192.0,Membership,Bank Transfer
9559404,1242596.1,2024-06-16,2025-02-27,192.0,Membership,Bank Transfer
2562004,1258380.1,2025-04-01,2025-08-04,192.0,Membership,Bank Transfer
9309704,1251474.1,2024-11-27,2025-03-01,192.0,Membership,Bank Transfer
3164004,1258836.1,2025-04-13,,192.0,Membership,Bank Transfer
2198304,1237987.1,2024-03-10,2024-09-12,192.0,Membership,Bank Transfer
4659004,1260430.1,2025-05-18,,192.0,Membership,Bank Transfer
5749004,1260380.1,2025-05-17,,192.0,Membership,Bank Transfer
257004,1259513.1,2025-04-28,,192.0,Membership,Bank Transfer
1030004,1260566.1,2025-05-22,,192.0,Membership,Bank Transfer
3127004,1259292.1,2025-04-24,2025-08-21,192.0,Membership,Bank Transfer
1147004,1259466.1,2025-04-27,,192.0,Membership,Bank Transfer
7520304,1240149.1,2024-04-28,,192.0,General_Donation,Bank Transfer
7997004,1259742.1,2025-05-03,,192.0,Membership,Bank Transfer
6657004,1259570.1,2025-04-30,,200.0,General_Donation,Bank Transfer
2552604,1248545.1,2024-10-03,,200.0,General_Donation,Bank Transfer
5204504,12633811.3,2024-09-19,,200.0,General_Donation,Bank Transfer
9383404,1239314.1,2024-04-07,,204.0,General_Donation,Bank Transfer
7809194,1237274.1,2024-02-24,,216.0,General_Donation,Bank Transfer
5852304,1236316.1,2024-01-31,,216.0,General_Donation,Bank Transfer
56504,1245648.1,2024-08-10,2025-01-18,216.0,Membership,Bank Transfer
3264304,1249473.1,2024-10-21,,220.0,General_Donation,Bank Transfer
8930504,1256015.1,2025-02-10,,228.0,Membership,Bank Transfer
6374304,1236774.1,2024-02-12,2024-06-17,240.0,Membership,Bank Transfer
464004,1258883.1,2025-04-14,,240.0,Membership,Bank Transfer
3456504,1245685.1,2024-08-11,2025-06-26,240.0,Membership,Bank Transfer
3603404,1238985.1,2024-03-31,2025-03-22,240.0,Membership,Bank Transfer
3427904,1258004.1,2025-03-24,,240.0,Membership,Bank Transfer
2285704,1249753.1,2024-10-26,2025-04-27,240.0,Membership,Bank Transfer
4526404,1240642.1,2024-05-09,2025-03-22,240.0,Membership,Bank Transfer
3603404,1238983.1,2024-03-31,2025-03-22,240.0,Membership,Bank Transfer
8317804,1255340.1,2025-01-28,,240.0,Membership,Bank Transfer
9719804,1255808.1,2025-02-07,,240.0,Membership,Bank Transfer
8038404,1241870.1,2024-06-01,2025-03-22,240.0,Membership,Bank Transfer
3007804,1255249.1,2025-01-25,,240.0,Membership,Bank Transfer
2554804,1254015.1,2025-01-06,,240.0,Membership,Bank Transfer
4526404,1240632.1,2024-05-09,2025-03-22,240.0,Membership,Bank Transfer
6921504,1243236.1,2024-06-28,2024-12-19,240.0,Membership,Bank Transfer
5582004,1258399.1,2025-04-03,,240.0,Membership,Bank Transfer
9911704,1248426.1,2024-09-30,,275.0,General_Donation,Bank Transfer
3864904,1257273.1,2025-03-09,,288.0,Membership,Bank Transfer
9017904,1257858.1,2025-03-22,,288.0,Membership,Bank Transfer
1852904,1256611.1,2025-02-23,,288.0,Membership,Bank Transfer
7017904,1257871.1,2025-03-22,,288.0,Membership,Bank Transfer
5686404,1241114.1,2024-05-18,2025-05-02,288.0,Membership,Bank Transfer
2127904,1257898.1,2025-03-22,,288.0,Membership,Bank Transfer
5717704,1250279.1,2024-11-04,2025-04-05,288.0,Membership,Bank Transfer
7112404,1238549.1,2024-03-23,2024-09-14,288.0,Membership,Bank Transfer
6114404,1239491.1,2024-04-11,2025-04-14,288.0,Membership,Bank Transfer
9536904,1257486.1,2025-03-14,,288.0,Membership,Bank Transfer
7916404,1240647.1,2024-05-09,2024-10-28,288.0,Membership,Bank Transfer
407804,1255250.1,2025-01-25,,336.0,Membership,Bank Transfer
9832704,1249148.1,2024-10-14,2025-05-17,336.0,Membership,Bank Transfer
1254804,1253944.1,2025-01-05,2025-08-21,336.0,Membership,Bank Transfer
192404,1238864.1,2024-03-29,2025-06-13,336.0,Membership,Bank Transfer
6321804,1252187.1,2024-12-07,,336.0,Membership,Bank Transfer
9191704,1248686.1,2024-10-06,2025-04-24,336.0,Membership,Bank Transfer
2794804,1254364.1,2025-01-11,2025-07-18,336.0,Membership,Bank Transfer
1586304,1237444.1,2024-03-01,2025-03-16,336.0,Membership,Bank Transfer
1217804,1255282.1,2025-01-27,,336.0,Membership,Bank Transfer
9696804,1255159.1,2025-01-24,,336.0,Membership,Bank Transfer
3763904,1256834.1,2025-03-01,,336.0,Membership,Bank Transfer
8668504,1255956.1,2025-02-09,,336.0,Membership,Bank Transfer
5795404,1240461.1,2024-05-05,2025-05-05,336.0,Membership,Bank Transfer
6967194,1256352.1,2025-02-17,,336.0,Membership,Bank Transfer
4375404,1255157.1,2025-01-24,,336.0,Membership,Bank Transfer
8393404,1239439.1,2024-04-09,2025-02-26,336.0,Membership,Bank Transfer
6317804,1255350.1,2025-01-28,,336.0,Membership,Bank Transfer
4281804,1252624.1,2024-12-12,,336.0,Membership,Bank Transfer
6952604,1250843.1,2024-11-16,,336.0,Membership,Bank Transfer
7852804,1253110.1,2024-12-16,,342.0,Membership,Bank Transfer
708704,1250962.1,2024-11-17,2025-08-16,372.0,Membership,Bank Transfer
9485694,1241500.1,2024-05-26,,380.0,Membership,Bank Transfer
9613304,1236343.1,2024-01-31,2024-10-25,384.0,Membership,Bank Transfer
7542804,1253029.1,2024-12-16,,384.0,Membership,Bank Transfer
7112704,1248896.1,2024-10-10,,384.0,Membership,Bank Transfer
7773804,1253667.1,2024-12-24,,384.0,Membership,Bank Transfer
6809704,1251572.1,2024-11-28,,384.0,Membership,Bank Transfer
4698704,1251433.1,2024-11-25,,384.0,Membership,Bank Transfer
3374804,1254155.1,2025-01-09,,384.0,Membership,Bank Transfer
8750804,1251984.1,2024-12-03,,384.0,Membership,Bank Transfer
9594804,1254361.1,2025-01-11,,384.0,Membership,Bank Transfer
1334804,1253807.1,2024-12-31,,384.0,Membership,Bank Transfer
4134804,1253776.1,2024-12-30,,384.0,Membership,Bank Transfer
8016804,1254672.1,2025-01-17,,384.0,Membership,Bank Transfer
4425604,1247786.1,2024-09-19,2025-04-26,400.0,Membership,Bank Transfer
7555404,1243293.1,2024-06-29,,408.0,Membership,Bank Transfer
3520804,1251657.1,2024-11-29,,432.0,Membership,Bank Transfer
9409704,1251465.1,2024-11-27,,432.0,Membership,Bank Transfer
3252804,1253061.1,2024-12-16,,432.0,Membership,Bank Transfer
2819404,1242436.1,2024-06-11,2025-03-21,432.0,Membership,Bank Transfer
9688704,1251359.1,2024-11-24,,432.0,Membership,Bank Transfer
8541804,1252434.1,2024-12-09,,432.0,Membership,Bank Transfer
9307704,1250103.1,2024-11-02,,432.0,Membership,Bank Transfer
3620804,1251719.1,2024-11-30,,432.0,Membership,Bank Transfer
6864504,1250855.1,2024-11-16,,432.0,Membership,Bank Transfer
6833804,1253378.1,2024-12-21,,432.0,Membership,Bank Transfer
8932804,1252902.1,2024-12-15,,432.0,Membership,Bank Transfer
8713804,1253293.1,2024-12-20,,432.0,Membership,Bank Transfer
5944804,1253973.1,2025-01-05,,432.0,Membership,Bank Transfer
6309404,1242293.1,2024-06-09,2025-02-09,432.0,Membership,Bank Transfer
641804,1252448.1,2024-12-09,,432.0,Membership,Bank Transfer
1013994,1247217.1,2024-09-08,,456.0,Membership,Bank Transfer
9395704,1249938.1,2024-10-28,,480.0,Membership,Bank Transfer
4812704,1248949.1,2024-10-11,2025-08-07,480.0,Membership,Bank Transfer
2020504,1242888.1,2024-06-22,2025-04-13,480.0,Membership,Bank Transfer
7996604,1247853.1,2024-09-20,2025-07-11,480.0,Membership,Bank Transfer
3706504,1245498.1,2024-08-08,,480.0,Membership,Bank Transfer
103404,1238931.1,2024-03-30,2025-05-18,480.0,Membership,Bank Transfer
6448404,1242024.1,2024-06-03,2025-03-20,480.0,Membership,Bank Transfer
6704,1249977.1,2024-10-29,,480.0,Membership,Bank Transfer
7207704,1250111.1,2024-11-02,,480.0,Membership,Bank Transfer
1178704,1251163.1,2024-11-22,,480.0,Membership,Bank Transfer
9467704,1250585.1,2024-11-11,,480.0,Membership,Bank Transfer
8937704,1250419.1,2024-11-08,,480.0,Membership,Bank Transfer
421504,1243219.1,2024-06-28,2025-08-10,480.0,Membership,Bank Transfer
1817704,1250307.1,2024-11-05,,480.0,Membership,Bank Transfer
7158704,1251066.1,2024-11-21,,480.0,Membership,Bank Transfer
9573304,1236544.1,2024-02-04,2024-11-30,480.0,Membership,Bank Transfer
7845304,1236932.1,2024-02-17,,480.0,Membership,Bank Transfer
7321704,1248360.1,2024-09-30,,480.0,Membership,Bank Transfer
8593504,1244544.1,2024-07-21,,494.0,Membership,Bank Transfer
5204504,12621855.3,2024-09-07,,500.0,General_Donation,Bank Transfer
4504504,12771884.3,2025-04-20,,500.0,General_Donation,Bank Transfer
5204504,12634046.3,2024-09-19,,500.0,General_Donation,Bank Transfer
1755404,12592149.3,2024-06-28,,500.0,General_Donation,Bank Transfer
4596404,1241167.1,2024-05-19,2025-03-20,528.0,Membership,Bank Transfer
7610504,1242828.1,2024-06-21,2025-05-11,528.0,Membership,Bank Transfer
3017304,1237503.1,2024-03-02,2025-01-31,528.0,Membership,Bank Transfer
3381704,1248575.1,2024-10-04,,528.0,Membership,Bank Transfer
7633604,1247402.1,2024-09-12,,528.0,Membership,Bank Transfer
4271504,1243543.1,2024-07-01,2025-05-01,528.0,Membership,Bank Transfer
1612704,1248924.1,2024-10-11,,528.0,Membership,Bank Transfer
2129604,1248036.1,2024-09-26,,528.0,Membership,Bank Transfer
1881704,1248645.1,2024-10-05,,528.0,Membership,Bank Transfer
8169404,1242671.1,2024-06-17,,528.0,Membership,Bank Transfer
9824604,1247574.1,2024-09-15,,576.0,Membership,Bank Transfer
7345604,1247765.1,2024-09-19,,576.0,Membership,Bank Transfer
7321704,1251355.1,2024-11-24,,576.0,Membership,Bank Transfer
5624804,1253748.1,2024-12-29,,576.0,Membership,Bank Transfer
426304,1237241.1,2024-02-24,2025-03-15,576.0,Membership,Bank Transfer
8624604,1247602.1,2024-09-15,,576.0,Membership,Bank Transfer
2903404,1239074.1,2024-04-01,2025-03-03,576.0,Membership,Bank Transfer
4007304,1237517.1,2024-03-02,,576.0,Membership,Bank Transfer
1593604,1247499.1,2024-09-13,,576.0,Membership,Bank Transfer
742304,1236367.1,2024-01-31,2025-05-12,576.0,Membership,Bank Transfer
9594804,1254383.1,2025-01-12,,576.0,Membership,Bank Transfer
5980604,1246717.1,2024-08-30,,576.0,Membership,Bank Transfer
7321704,1251287.1,2024-11-24,,576.0,Membership,Bank Transfer
5664504,1244826.1,2024-07-27,,624.0,Membership,Bank Transfer
9184504,1245022.1,2024-07-29,,624.0,Membership,Bank Transfer
9556504,1245661.1,2024-08-11,,624.0,Membership,Bank Transfer
2146504,1245570.1,2024-08-09,,624.0,Membership,Bank Transfer
9458504,1245980.1,2024-08-17,,624.0,Membership,Bank Transfer
1284504,1245011.1,2024-07-29,,624.0,Membership,Bank Transfer
97404,1244118.1,2024-07-13,,624.0,Membership,Bank Transfer
9375504,1245193.1,2024-08-03,,624.0,Membership,Bank Transfer
213404,1239106.1,2024-04-01,2025-08-13,624.0,Membership,Bank Transfer
854504,1244759.1,2024-07-26,,624.0,Membership,Bank Transfer
8107694,1246053.1,2024-08-18,,624.0,Membership,Bank Transfer
2256504,1245601.1,2024-08-10,,624.0,Membership,Bank Transfer
4985504,1245353.1,2024-08-05,,624.0,Membership,Bank Transfer
1670304,1235573.1,2024-01-14,,672.0,Membership,Bank Transfer
20504,1242876.1,2024-06-22,,672.0,Membership,Bank Transfer
4553504,1244383.1,2024-07-18,,672.0,Membership,Bank Transfer
3033504,1244066.1,2024-07-12,,672.0,Membership,Bank Transfer
7330504,1243075.1,2024-06-24,,672.0,Membership,Bank Transfer
8042504,1243604.1,2024-07-04,,672.0,Membership,Bank Transfer
9831504,1243359.1,2024-06-29,,672.0,Membership,Bank Transfer
5046404,1241828.1,2024-06-01,,672.0,Membership,Bank Transfer
8962504,1243786.1,2024-07-06,2025-08-07,672.0,Membership,Bank Transfer
9098404,1242172.1,2024-06-07,,672.0,Membership,Bank Transfer
8930504,1243096.1,2024-06-25,,698.0,Membership,Bank Transfer
8167304,1237773.1,2024-03-05,2025-08-21,702.0,Membership,Bank Transfer
3119404,1242421.1,2024-06-10,,720.0,Membership,Bank Transfer
2398404,1242123.1,2024-06-07,,720.0,Membership,Bank Transfer
9867404,1241347.1,2024-05-24,,720.0,Membership,Bank Transfer
5418404,1240930.1,2024-05-13,,720.0,Membership,Bank Transfer
528404,1241770.1,2024-05-31,,720.0,Membership,Bank Transfer
5011404,1238407.1,2024-03-21,,720.0,Membership,Bank Transfer
9226304,1237261.1,2024-02-24,2025-05-24,720.0,Membership,Bank Transfer
5138404,1241834.1,2024-06-01,,720.0,Membership,Bank Transfer
9739404,1242510.1,2024-06-14,,720.0,Membership,Bank Transfer
8612404,1238602.1,2024-03-24,2025-06-19,720.0,Membership,Bank Transfer
4608404,1241720.1,2024-05-30,,720.0,Membership,Bank Transfer
2909404,1242270.1,2024-06-09,,720.0,Membership,Bank Transfer
5286304,1237462.1,2024-03-01,,720.0,Membership,Bank Transfer
1524404,1239495.1,2024-04-12,,768.0,Membership,Bank Transfer
3686404,1241110.1,2024-05-18,,768.0,Membership,Bank Transfer
4516404,1240638.1,2024-05-09,,768.0,Membership,Bank Transfer
3986404,1241139.1,2024-05-19,,768.0,Membership,Bank Transfer
4976404,1241043.1,2024-05-17,,768.0,Membership,Bank Transfer
9326404,1240652.1,2024-05-09,,768.0,Membership,Bank Transfer
1245404,1240070.1,2024-04-27,,768.0,Membership,Bank Transfer
4385404,1240357.1,2024-05-03,,768.0,Membership,Bank Transfer
2505404,1239925.1,2024-04-23,,768.0,Membership,Bank Transfer
3236404,1240748.1,2024-05-11,,768.0,Membership,Bank Transfer
7837404,1241340.1,2024-05-23,,768.0,Membership,Bank Transfer
5370404,1238158.1,2024-03-15,,816.0,Membership,Bank Transfer
612404,1238615.1,2024-03-24,,816.0,Membership,Bank Transfer
3594404,1239838.1,2024-04-21,,816.0,Membership,Bank Transfer
9724404,1239537.1,2024-04-12,,816.0,Membership,Bank Transfer
8842404,1238848.1,2024-03-28,,816.0,Membership,Bank Transfer
6013404,1239075.1,2024-04-01,,816.0,Membership,Bank Transfer
1342404,1238849.1,2024-03-28,,816.0,Membership,Bank Transfer
9635304,1236845.1,2024-02-15,,864.0,Membership,Bank Transfer
5757304,1237699.1,2024-03-04,,864.0,Membership,Bank Transfer
9049194,1235869.1,2024-01-19,2025-06-30,864.0,Membership,Bank Transfer
2288304,1237929.1,2024-03-10,,864.0,Membership,Bank Transfer
526304,1237262.1,2024-02-24,,864.0,Membership,Bank Transfer
5852304,1236352.1,2024-01-31,,864.0,Membership,Bank Transfer
748304,1237844.1,2024-03-08,,864.0,Membership,Bank Transfer
8180194,1235205.1,2024-01-03,,960.0,Membership,Bank Transfer
6821304,1236036.1,2024-01-21,,960.0,Membership,Bank Transfer
134094,12785112.3,2025-06-25,,1000.0,General_Donation,Bank Transfer
6209304,1238068.1,2024-03-11,,1360.0,General_Donation,Bank Transfer
1875504,12809929.3,2025-08-20,,5.0,Membership_TopUp,Cash Payment
9347094,12560872.3,2024-04-12,,5.0,General_Donation,Cash Payment
8646504,12755339.3,2025-03-28,,5.0,Membership_TopUp,Cash Payment
9132104,12781968.3,2025-06-08,,6.0,General_Donation,Cash Payment
6004804,12742626.3,2025-03-08,2025-03-08,10.0,Membership,Cash Payment
687404,12711741.3,2024-12-21,2024-12-21,10.0,Membership,Cash Payment
74304,12598063.3,2024-08-12,2024-08-15,10.0,Membership,Cash Payment
4911094,12547485.3,2024-03-28,2024-03-28,10.0,Membership,Cash Payment
702794,12508033.3,2024-02-03,2024-02-03,10.0,Membership,Cash Payment
6377404,12810169.3,2025-08-20,2025-08-20,10.0,Membership,Cash Payment
8640804,12774662.3,2025-04-28,2025-04-28,10.0,Membership,Cash Payment
3505894,12735841.3,2025-02-23,2025-02-23,10.0,Membership,Cash Payment
1121704,12701170.3,2024-12-13,2024-12-13,10.0,Membership,Cash Payment
605804,12683796.3,2024-12-05,,10.0,General_Donation,Cash Payment
3396404,12668350.3,2024-11-28,,10.0,Membership_TopUp,Cash Payment
2233504,12594602.3,2024-07-13,,10.0,General_Donation,Cash Payment
4526804,12789349.3,2025-07-10,2025-07-11,10.0,Membership,Cash Payment
4319994,12658249.3,2024-11-04,2024-11-07,10.0,Membership,Cash Payment
7326304,12657389.3,2024-11-04,2024-11-07,10.0,Membership,Cash Payment
3876194,12643864.3,2024-10-01,2024-10-01,10.0,Membership,Cash Payment
5138404,12604105.3,2024-08-22,2024-08-23,10.0,Membership,Cash Payment
8560094,12794035.3,2025-07-15,2025-07-15,10.0,Membership,Cash Payment
3214404,12791246.3,2025-07-10,2025-07-11,10.0,Membership,Cash Payment
1350304,12744433.3,2025-03-09,2025-03-09,10.0,Membership,Cash Payment
8721504,12719719.3,2025-02-07,2025-02-08,10.0,Membership,Cash Payment
6007404,12676572.3,2024-11-30,2024-11-30,10.0,Membership,Cash Payment
1174304,12512967.3,2024-02-12,,10.0,General_Donation,Cash Payment
7473404,12719661.3,2025-02-07,2025-02-08,10.0,Membership,Cash Payment
1719094,12634243.3,2024-09-19,2024-09-19,10.0,Membership,Cash Payment
302404,1238490.1,2024-03-22,,10.0,General_Donation,Cash Payment
1342404,12734000.3,2025-02-22,2025-02-22,10.0,Membership,Cash Payment
971504,12689600.3,2024-12-07,2024-12-07,10.0,Membership,Cash Payment
3986404,12671036.3,2024-11-28,2024-11-28,10.0,Membership,Cash Payment
4516404,12670251.3,2024-11-28,2024-11-28,10.0,Membership,Cash Payment
4478194,12598438.3,2024-08-12,2024-08-15,10.0,Membership,Cash Payment
9635304,12611646.3,2024-08-30,2024-08-30,10.0,Membership,Cash Payment
3319404,12742134.3,2025-03-08,2025-03-08,10.0,Membership,Cash Payment
1942094,12666422.3,2024-11-28,2024-11-28,10.0,Membership,Cash Payment
1767194,12609461.3,2024-08-27,2024-08-27,10.0,Membership,Cash Payment
9550094,12722744.3,2025-02-07,2025-02-08,10.0,Membership,Cash Payment
612404,12633003.3,2024-09-19,2024-09-19,10.0,Membership,Cash Payment
843094,12597709.3,2024-08-12,2024-08-15,10.0,Membership,Cash Payment
3236404,12669577.3,2024-11-28,2024-11-28,10.0,Membership,Cash Payment
2866194,12513770.3,2024-02-14,2024-02-14,10.0,Membership,Cash Payment
9504504,12691855.3,2024-12-08,2024-12-08,10.0,Membership,Cash Payment
3187194,12508070.3,2024-02-03,2024-02-03,10.0,Membership,Cash Payment
8646504,12691644.3,2024-12-08,2024-12-08,10.0,Membership,Cash Payment
2398404,12638260.3,2024-09-22,2024-09-22,10.0,Membership,Cash Payment
6195404,12760830.3,2025-04-03,2025-04-03,10.0,Membership,Cash Payment
5757304,12598389.3,2024-08-12,2024-08-15,10.0,Membership,Cash Payment
4423804,12810280.3,2025-08-20,2025-08-20,10.0,Membership,Cash Payment
794804,12807995.3,2025-08-18,2025-08-18,10.0,Membership,Cash Payment
7952604,12795420.3,2025-07-21,2025-07-21,10.0,Membership,Cash Payment
3588704,12790549.3,2025-07-10,2025-07-11,10.0,Membership,Cash Payment
9016504,12692239.3,2024-12-08,2024-12-08,10.0,Membership,Cash Payment
6912404,12679363.3,2024-12-01,,10.0,Membership_TopUp,Cash Payment
790604,12808870.3,2025-08-19,2025-08-19,10.0,Membership,Cash Payment
4733404,12742897.3,2025-03-08,2025-03-08,10.0,Membership,Cash Payment
8137304,12728055.3,2025-02-11,2025-02-11,10.0,Membership,Cash Payment
3532804,12770511.3,2025-04-18,2025-04-18,10.0,Membership,Cash Payment
4795694,12729622.3,2025-02-12,2025-02-12,10.0,Membership,Cash Payment
9104504,12719405.3,2025-02-07,2025-02-08,10.0,Membership,Cash Payment
1372894,12660007.3,2024-11-10,2024-11-10,10.0,Membership,Cash Payment
370094,12521500.3,2024-03-02,2024-03-02,10.0,Membership,Cash Payment
7433094,12757993.3,2025-03-29,2025-03-29,10.0,Membership,Cash Payment
3505894,12641525.3,2024-09-28,2024-09-28,10.0,Membership,Cash Payment
6105804,12790101.3,2025-07-10,2025-07-11,10.0,Membership,Cash Payment
3732304,1246777.1,2024-08-31,,10.0,General_Donation,Cash Payment
6825894,12518359.3,2024-02-25,2024-02-25,10.0,Membership,Cash Payment
5945304,12809320.3,2025-08-19,,10.0,Membership_TopUp,Cash Payment
901604,12773202.3,2025-04-25,2025-04-25,10.0,Membership,Cash Payment
3722304,12569871.3,2024-04-28,,10.0,Membership_TopUp,Cash Payment
1561894,12515028.3,2024-02-14,2024-02-14,10.0,Membership,Cash Payment
8330804,12703124.3,2024-12-13,,10.0,General_Donation,Cash Payment
5819194,12601496.3,2024-08-12,2024-08-15,10.0,Membership,Cash Payment
4910304,12809623.3,2025-08-19,2025-08-19,10.0,Membership,Cash Payment
7319304,12765050.3,2025-04-11,2025-04-11,10.0,Membership,Cash Payment
612404,12654711.3,2024-11-04,2024-11-07,10.0,Membership,Cash Payment
7433094,12635397.3,2024-09-20,2024-09-20,10.0,Membership,Cash Payment
9937304,12602179.3,2024-08-17,,10.0,Membership_TopUp,Cash Payment
8762504,12795202.3,2025-07-20,2025-07-20,10.0,Membership,Cash Payment
7956194,12518623.3,2024-02-28,2024-02-28,10.0,Membership,Cash Payment
2662604,12748433.3,2025-03-15,2025-03-15,10.0,Membership,Cash Payment
3143094,12745742.3,2025-03-10,2025-03-10,10.0,Membership,Cash Payment
5739194,12667971.3,2024-11-28,2024-11-28,10.0,Membership,Cash Payment
9661894,12646029.3,2024-10-04,2024-10-04,10.0,Membership,Cash Payment
5731304,1262789.1,2025-07-06,,10.0,General_Donation,Cash Payment
556504,12734597.3,2025-02-22,2025-02-22,10.0,Membership,Cash Payment
7935304,12714628.3,2024-12-27,,10.0,General_Donation,Cash Payment
8455194,12505618.3,2024-02-03,2024-02-03,10.0,Membership,Cash Payment
8455894,12598571.3,2024-08-12,,10.0,Membership_TopUp,Cash Payment
8774194,12562702.3,2024-04-19,2024-04-19,10.0,Membership,Cash Payment
6013404,12605458.3,2024-08-22,2024-08-23,10.0,Membership,Cash Payment
7610504,12604906.3,2024-08-23,2024-08-23,10.0,Membership,Cash Payment
3418404,12789925.3,2025-07-10,2025-07-11,10.0,Membership,Cash Payment
6912404,12677433.3,2024-12-01,2024-12-01,10.0,Membership,Cash Payment
9721704,12790265.3,2025-07-10,2025-07-11,10.0,Membership,Cash Payment
5819194,12755332.3,2025-03-28,2025-03-28,10.0,Membership,Cash Payment
3677404,12668825.3,2024-11-28,2024-11-28,10.0,Membership,Cash Payment
1733094,12519008.3,2024-02-28,2024-02-28,10.0,Membership,Cash Payment
4134804,12806693.3,2025-08-18,2025-08-18,10.0,Membership,Cash Payment
9962604,12795415.3,2025-07-21,2025-07-21,10.0,Membership,Cash Payment
3989704,12789333.3,2025-07-10,2025-07-11,10.0,Membership,Cash Payment
2662604,12685634.3,2024-12-06,2024-12-06,10.0,Membership,Cash Payment
5138404,12698584.3,2024-12-10,2024-12-10,10.0,Membership,Cash Payment
3586304,12688752.3,2024-12-07,2024-12-07,10.0,Membership,Cash Payment
6193994,12598547.3,2024-08-12,2024-08-15,10.0,Membership,Cash Payment
4478194,12793814.3,2025-07-14,2025-07-14,10.0,Membership,Cash Payment
5757304,12751799.3,2025-03-20,2025-03-20,10.0,Membership,Cash Payment
2816304,12789295.3,2025-07-10,2025-07-11,10.0,Membership,Cash Payment
488304,12615023.3,2024-09-02,2024-09-02,10.0,Membership,Cash Payment
1942094,12597771.3,2024-08-12,2024-08-15,10.0,Membership,Cash Payment
2753304,12598871.3,2024-08-12,2024-08-15,10.0,Membership,Cash Payment
5707694,12550524.3,2024-03-28,2024-03-28,10.0,Membership,Cash Payment
5430504,12810469.3,2025-08-20,2025-08-20,10.0,Membership,Cash Payment
1847994,12809429.3,2025-08-19,2025-08-19,10.0,Membership,Cash Payment
4792404,12735883.3,2025-02-23,2025-02-23,10.0,Membership,Cash Payment
2548404,12695846.3,2024-12-09,,10.0,Membership_TopUp,Cash Payment
7185404,12669562.3,2024-11-28,2024-11-28,10.0,Membership,Cash Payment
3785404,12574841.3,2024-05-03,,10.0,General_Donation,Cash Payment
8098694,12509577.3,2024-02-04,2024-02-04,10.0,Membership,Cash Payment
2397704,12749094.3,2025-03-15,2025-03-15,10.0,Membership,Cash Payment
1762504,12764959.3,2025-04-11,2025-04-11,10.0,Membership,Cash Payment
9109094,12663568.3,2024-11-21,,10.0,Membership_TopUp,Cash Payment
8180194,12797478.3,2025-08-03,2025-08-03,10.0,Membership,Cash Payment
3302604,12710253.3,2024-12-20,2024-12-20,10.0,Membership,Cash Payment
7935304,12710025.3,2024-12-19,,10.0,General_Donation,Cash Payment
754504,12672348.3,2024-11-29,2024-11-29,10.0,Membership,Cash Payment
2599894,12600329.3,2024-08-12,2024-08-15,10.0,Membership,Cash Payment
5381604,12752868.3,2025-03-21,2025-03-21,10.0,Membership,Cash Payment
3986404,12747941.3,2025-03-15,2025-03-15,10.0,Membership,Cash Payment
1929894,12652217.3,2024-11-04,2024-11-04,10.0,Membership,Cash Payment
2409504,12603568.3,2024-08-23,,10.0,General_Donation,Cash Payment
3824404,12560929.3,2024-04-12,,10.0,General_Donation,Cash Payment
3396404,12666844.3,2024-11-28,2024-11-28,10.0,Membership,Cash Payment
3772604,1247354.1,2024-09-10,,12.0,General_Donation,Cash Payment
2819304,1238045.1,2024-03-11,,12.0,General_Donation,Cash Payment
6461804,1252541.1,2024-12-11,,12.0,General_Donation,Cash Payment
98404,12586188.3,2024-06-07,,20.0,General_Donation,Cash Payment
5947794,12568402.3,2024-04-28,,20.0,Membership_TopUp,Cash Payment
3164004,12800382.3,2025-08-08,,20.0,Membership_TopUp,Cash Payment
78704,12663859.3,2024-11-22,,20.0,General_Donation,Cash Payment
9967804,12789283.3,2025-07-10,,20.0,Membership_TopUp,Cash Payment
8504504,1258819.1,2025-04-13,,20.0,General_Donation,Cash Payment
4501804,12747266.3,2025-03-14,,20.0,Membership_TopUp,Cash Payment
8789894,12797758.3,2025-08-03,,20.0,Membership_TopUp,Cash Payment
4637194,12758056.3,2025-03-29,,20.0,Membership_TopUp,Cash Payment
8415804,1259844.1,2025-05-05,,20.0,General_Donation,Cash Payment
9276094,12590825.3,2024-06-27,,20.0,General_Donation,Cash Payment
2496404,12582025.3,2024-05-19,,20.0,General_Donation,Cash Payment
9276094,12583918.3,2024-05-29,,20.0,General_Donation,Cash Payment
407804,12771444.3,2025-04-19,,20.0,Membership_TopUp,Cash Payment
8899404,12812223.3,2025-08-18,,20.0,Membership_TopUp,Cash Payment
1767194,12609303.3,2024-08-27,,20.0,Membership_TopUp,Cash Payment
9276094,12582405.3,2024-05-22,,20.0,General_Donation,Cash Payment
6266504,1262179.1,2025-06-23,,20.0,General_Donation,Cash Payment
660004,1260770.1,2025-05-25,,20.0,General_Donation,Cash Payment
563004,1258561.1,2025-04-06,,22.0,General_Donation,Cash Payment
6297104,1262696.1,2025-07-05,,24.0,General_Donation,Cash Payment
9370304,1235624.1,2024-01-14,,24.0,General_Donation,Cash Payment
3760104,12795021.3,2025-07-19,,30.0,General_Donation,Cash Payment
6676104,1262535.1,2025-06-30,,30.0,General_Donation,Cash Payment
3333504,1256388.1,2025-02-17,,30.0,General_Donation,Cash Payment
4563004,1258578.1,2025-04-06,,30.0,General_Donation,Cash Payment
7942404,12551522.3,2024-03-28,,30.0,General_Donation,Cash Payment
4417704,1250265.1,2024-11-04,,30.0,General_Donation,Cash Payment
5362894,12656715.3,2024-11-07,,35.0,Membership_TopUp,Cash Payment
5624804,12811155.3,2025-08-18,,35.0,Membership_TopUp,Cash Payment
3058604,1247999.1,2024-09-26,,36.0,General_Donation,Cash Payment
8531104,1261063.1,2025-06-01,,36.0,General_Donation,Cash Payment
3024604,1247545.1,2024-09-14,,36.0,General_Donation,Cash Payment
118704,1250924.1,2024-11-17,2025-03-06,38.0,Membership,Cash Payment
2047304,12594249.3,2024-07-07,2024-08-02,38.0,Membership,Cash Payment
9724404,12601257.3,2024-08-12,,40.0,Membership_TopUp,Cash Payment
7762604,1259136.1,2025-04-20,,40.0,General_Donation,Cash Payment
8366504,12711353.3,2024-12-21,,40.0,Membership_TopUp,Cash Payment
1371904,1256428.1,2025-02-18,,40.0,Membership,Cash Payment
3872604,1247438.1,2024-09-12,,40.0,General_Donation,Cash Payment
7716804,1254781.1,2025-01-18,,40.0,General_Donation,Cash Payment
5926804,12809725.3,2025-08-19,,45.0,Membership_TopUp,Cash Payment
4147304,12805443.3,2025-08-18,,45.0,Membership_TopUp,Cash Payment
9017904,12812280.3,2025-08-22,,45.0,Membership_TopUp,Cash Payment
4612804,12775683.3,2025-05-01,,45.0,Membership_TopUp,Cash Payment
134094,12515664.3,2024-02-15,,45.0,Membership_TopUp,Cash Payment
1733094,12733951.3,2025-02-22,,45.0,Membership_TopUp,Cash Payment
6323304,1236344.1,2024-01-31,,45.0,General_Donation,Cash Payment
6538804,12809459.3,2025-08-19,,45.0,Membership_TopUp,Cash Payment
6910504,12663680.3,2024-11-22,,45.0,Membership_TopUp,Cash Payment
4698004,1259983.1,2025-05-09,2025-05-09,48.0,Membership,Cash Payment
2656904,1257666.1,2025-03-18,2025-03-27,48.0,Membership,Cash Payment
4039804,1255851.1,2025-02-08,2025-06-28,48.0,Membership,Cash Payment
3646404,1240920.1,2024-05-13,2024-10-25,48.0,Membership,Cash Payment
8571104,1261193.1,2025-06-05,,48.0,Membership,Cash Payment
7792404,1238944.1,2024-03-30,2024-04-27,48.0,Membership,Cash Payment
6454504,1244704.1,2024-07-25,2024-08-04,48.0,Membership,Cash Payment
620804,1251631.1,2024-11-29,2025-03-31,48.0,Membership,Cash Payment
5019404,1242420.1,2024-06-10,2024-06-10,48.0,Membership,Cash Payment
4050804,1251925.1,2024-12-02,2025-08-07,48.0,Membership,Cash Payment
8081704,1248608.1,2024-10-04,2024-10-19,48.0,Membership,Cash Payment
4134604,1247672.1,2024-09-16,2024-09-26,48.0,Membership,Cash Payment
4502804,1252697.1,2024-12-13,2025-05-05,48.0,Membership,Cash Payment
9811604,1246941.1,2024-09-03,2024-09-15,48.0,Membership,Cash Payment
3691704,1248792.1,2024-10-07,2024-10-27,48.0,Membership,Cash Payment
2011704,1248223.1,2024-09-28,2024-09-29,48.0,Membership,Cash Payment
7012404,1238581.1,2024-03-23,2024-04-05,48.0,Membership,Cash Payment
616304,1237169.1,2024-02-22,2024-03-16,48.0,Membership,Cash Payment
5451904,1259070.1,2025-04-18,,48.0,General_Donation,Cash Payment
4991704,1248767.1,2024-10-07,2024-10-07,48.0,Membership,Cash Payment
2342104,1261457.1,2025-06-11,,48.0,Membership,Cash Payment
8938804,1255528.1,2025-02-01,2025-02-13,48.0,Membership,Cash Payment
2754804,1254007.1,2025-01-06,,48.0,Membership,Cash Payment
485404,1240323.1,2024-05-03,2024-05-04,48.0,Membership,Cash Payment
292404,1238874.1,2024-03-29,2024-05-06,48.0,Membership,Cash Payment
4271204,1263646.1,2025-07-29,,48.0,Membership,Cash Payment
216804,1254774.1,2025-01-18,2025-01-18,48.0,Membership,Cash Payment
2007804,1255251.1,2025-01-25,2025-01-25,48.0,Membership,Cash Payment
8668504,1246083.1,2024-08-19,2025-01-01,48.0,Membership,Cash Payment
7404204,1263868.1,2025-08-04,,48.0,Membership,Cash Payment
3954804,1254071.1,2025-01-07,2025-01-10,48.0,Membership,Cash Payment
3646204,1264495.1,2025-08-17,,48.0,Membership,Cash Payment
2898004,1260010.1,2025-05-09,,48.0,Membership,Cash Payment
6031704,1248529.1,2024-10-03,2024-11-02,48.0,Membership,Cash Payment
5993504,1244574.1,2024-07-21,2025-03-27,48.0,Membership,Cash Payment
8521104,1260935.1,2025-05-31,2025-05-31,48.0,Membership,Cash Payment
1570904,1263946.1,2025-08-07,,48.0,Membership,Cash Payment
5434804,1253809.1,2024-12-31,2025-01-03,48.0,Membership,Cash Payment
6468704,1251068.1,2024-11-21,2024-11-21,48.0,Membership,Cash Payment
3777704,1250683.1,2024-11-14,2024-12-19,48.0,Membership,Cash Payment
1990604,1246772.1,2024-08-31,2024-09-02,48.0,Membership,Cash Payment
9827004,1259285.1,2025-04-24,2025-05-12,48.0,Membership,Cash Payment
5027704,1250314.1,2024-11-05,2025-03-19,48.0,Membership,Cash Payment
6270304,1235626.1,2024-01-14,2024-06-24,48.0,Membership,Cash Payment
6900304,1235255.1,2024-01-04,2024-05-19,48.0,Membership,Cash Payment
1656204,1264670.1,2025-08-20,,48.0,Membership,Cash Payment
2397004,1259690.1,2025-05-02,,48.0,General_Donation,Cash Payment
6562804,1253141.1,2024-12-18,2024-12-20,48.0,Membership,Cash Payment
7634204,1263996.1,2025-08-07,,48.0,Membership,Cash Payment
6315804,1254497.1,2025-01-13,2025-06-02,48.0,Membership,Cash Payment
6762604,1247263.1,2024-09-08,2025-04-06,48.0,Membership,Cash Payment
2935404,1240047.1,2024-04-27,,48.0,General_Donation,Cash Payment
3815104,1261967.1,2025-06-20,2025-07-21,48.0,Membership,Cash Payment
5853304,12782906.3,2025-06-14,,48.0,General_Donation,Cash Payment
6754904,1257156.1,2025-03-08,2025-08-07,48.0,Membership,Cash Payment
1264804,1254102.1,2025-01-08,2025-01-09,48.0,Membership,Cash Payment
3319004,1260154.1,2025-05-12,2025-05-22,48.0,Membership,Cash Payment
7656204,1264657.1,2025-08-20,,48.0,Membership,Cash Payment
7236204,1264412.1,2025-08-15,,48.0,Membership,Cash Payment
7461904,1256366.1,2025-02-17,2025-06-30,48.0,Membership,Cash Payment
3307804,1255194.1,2025-01-25,2025-02-02,48.0,Membership,Cash Payment
2861204,1263628.1,2025-07-28,,48.0,Membership,Cash Payment
3622004,1258151.1,2025-03-28,2025-03-28,48.0,Membership,Cash Payment
8430804,1251801.1,2024-12-01,2024-12-07,48.0,Membership,Cash Payment
2052604,1247099.1,2024-09-06,2024-11-11,48.0,Membership,Cash Payment
4409704,1251476.1,2024-11-27,2024-12-02,48.0,Membership,Cash Payment
3815104,1261942.1,2025-06-20,2025-07-21,48.0,Membership,Cash Payment
5541904,1256266.1,2025-02-15,2025-02-28,48.0,Membership,Cash Payment
4730704,1248122.1,2024-09-27,2024-10-25,48.0,Membership,Cash Payment
4698004,1260025.1,2025-05-09,2025-05-09,48.0,Membership,Cash Payment
5751004,1258157.1,2025-03-28,2025-08-10,48.0,Membership,Cash Payment
5007804,1255234.1,2025-01-25,2025-02-01,48.0,Membership,Cash Payment
4267204,1264833.1,2025-08-23,,48.0,Membership,Cash Payment
5361204,1263547.1,2025-07-27,,48.0,Membership,Cash Payment
7797104,1262767.1,2025-07-06,,48.0,Membership,Cash Payment
2974504,1245002.1,2024-07-29,2024-08-26,48.0,Membership,Cash Payment
3655404,1240184.1,2024-04-29,2024-05-13,48.0,Membership,Cash Payment
5819994,1264436.1,2025-08-16,,48.0,Membership,Cash Payment
1156904,1257590.1,2025-03-17,2025-06-07,48.0,Membership,Cash Payment
5346504,1245572.1,2024-08-09,2024-08-16,48.0,Membership,Cash Payment
6783404,1239392.1,2024-04-08,2024-08-31,48.0,Membership,Cash Payment
5236804,1254935.1,2025-01-20,2025-01-20,48.0,Membership,Cash Payment
1252004,1258259.1,2025-03-30,2025-03-30,48.0,Membership,Cash Payment
3570004,1260778.1,2025-05-25,,48.0,Membership,Cash Payment
900604,1259111.1,2025-04-20,,48.0,General_Donation,Cash Payment
6736404,1240862.1,2024-05-12,,48.0,General_Donation,Cash Payment
2757204,1264713.1,2025-08-22,,48.0,Membership,Cash Payment
6656004,1259225.1,2025-04-21,2025-05-15,48.0,Membership,Cash Payment
6132804,1252945.1,2024-12-15,2025-06-16,48.0,Membership,Cash Payment
3198404,1242161.1,2024-06-07,2024-10-20,48.0,Membership,Cash Payment
8005404,1239876.1,2024-04-22,2024-05-30,48.0,Membership,Cash Payment
5869004,1260523.1,2025-05-19,2025-08-10,48.0,Membership,Cash Payment
5927904,1258058.1,2025-03-25,2025-04-18,48.0,Membership,Cash Payment
8720504,1242946.1,2024-06-23,2024-08-23,48.0,Membership,Cash Payment
6647004,1259428.1,2025-04-27,,48.0,General_Donation,Cash Payment
7396204,1264689.1,2025-08-21,2025-08-21,48.0,Membership,Cash Payment
5294204,1264026.1,2025-08-08,,48.0,Membership,Cash Payment
8397004,1259688.1,2025-05-02,,48.0,General_Donation,Cash Payment
8634194,12601662.3,2024-08-16,2024-10-20,48.0,Membership,Cash Payment
5602404,1238466.1,2024-03-22,2024-08-31,48.0,Membership,Cash Payment
6174304,12512865.3,2024-02-11,,50.0,General_Donation,Cash Payment
6671504,1256036.1,2025-02-10,,50.0,General_Donation,Cash Payment
5757304,12751936.3,2025-03-20,,50.0,Membership_TopUp,Cash Payment
2662604,12748588.3,2025-03-15,,50.0,Membership_TopUp,Cash Payment
4760994,12760357.3,2025-04-03,,50.0,General_Donation,Cash Payment
4351904,12761606.3,2025-04-04,,50.0,General_Donation,Cash Payment
5204504,12595194.3,2024-07-22,,50.0,General_Donation,Cash Payment
9902994,12512240.3,2024-02-09,,50.0,Membership_TopUp,Cash Payment
4405504,1247170.1,2024-09-08,,50.0,General_Donation,Cash Payment
2385504,1258264.1,2025-03-30,,50.0,General_Donation,Cash Payment
4755194,1240681.1,2024-05-10,,50.0,General_Donation,Cash Payment
8258304,12617463.3,2024-09-04,,50.0,Membership_TopUp,Cash Payment
3945404,12589348.3,2024-06-22,,50.0,Membership_TopUp,Cash Payment
2554804,1254062.1,2025-01-06,,60.0,General_Donation,Cash Payment
3456504,1245711.1,2024-08-11,,60.0,General_Donation,Cash Payment
7877404,1245923.1,2024-08-16,,60.0,General_Donation,Cash Payment
6982404,12759935.3,2025-04-02,,60.0,General_Donation,Cash Payment
5757304,12793463.3,2025-07-14,,70.0,Membership_TopUp,Cash Payment
6363504,12652931.3,2024-11-05,,70.0,Membership_TopUp,Cash Payment
8071504,1255421.1,2025-01-30,,70.0,General_Donation,Cash Payment
4540804,1252060.1,2024-12-05,,70.0,General_Donation,Cash Payment
2588694,1261356.1,2025-06-08,,72.0,Membership,Cash Payment
8213994,12591552.3,2024-06-28,,75.0,General_Donation,Cash Payment
4346194,1247220.1,2024-09-08,,76.0,Membership,Cash Payment
8518704,1251014.1,2024-11-18,,76.0,Membership,Cash Payment
2719404,1242438.1,2024-06-11,,88.0,General_Donation,Cash Payment
1334804,1253810.1,2024-12-31,,96.0,General_Donation,Cash Payment
3059404,1242592.1,2024-06-16,2025-07-04,96.0,Membership,Cash Payment
4102804,1253248.1,2024-12-19,,96.0,General_Donation,Cash Payment
9302404,1238535.1,2024-03-22,2025-01-25,96.0,Membership,Cash Payment
9815104,1261945.1,2025-06-20,,96.0,Membership,Cash Payment
7537704,1250350.1,2024-11-07,2025-01-24,96.0,Membership,Cash Payment
3042704,1249163.1,2024-10-14,,96.0,General_Donation,Cash Payment
154004,1258751.1,2025-04-12,,96.0,Membership,Cash Payment
3562504,1243708.1,2024-07-05,2024-08-09,96.0,Membership,Cash Payment
7496604,1247803.1,2024-09-20,2024-10-21,96.0,Membership,Cash Payment
7676904,1257730.1,2025-03-20,2025-05-23,96.0,Membership,Cash Payment
8051904,1256248.1,2025-02-15,2025-04-11,96.0,Membership,Cash Payment
9513804,1253288.1,2024-12-20,2025-02-23,96.0,Membership,Cash Payment
4754904,1257159.1,2025-03-08,,96.0,Membership,Cash Payment
8227904,1258025.1,2025-03-24,,96.0,Membership,Cash Payment
9443504,1244304.1,2024-07-15,2024-08-30,96.0,Membership,Cash Payment
3604104,1261551.1,2025-06-14,,96.0,Membership,Cash Payment
336504,1245447.1,2024-08-08,2025-03-27,96.0,Membership,Cash Payment
2532304,1252354.1,2024-12-08,,96.0,General_Donation,Cash Payment
7066104,1262459.1,2025-06-29,,96.0,Membership,Cash Payment
9198704,1251443.1,2024-11-25,,96.0,Membership,Cash Payment
505404,1239914.1,2024-04-23,2024-06-20,96.0,Membership,Cash Payment
7480404,1238298.1,2024-03-17,2024-05-03,96.0,Membership,Cash Payment
2268504,1246017.1,2024-08-18,2025-01-18,96.0,Membership,Cash Payment
1207704,1250102.1,2024-11-02,2024-12-19,96.0,Membership,Cash Payment
2838804,1255548.1,2025-02-01,2025-03-29,96.0,Membership,Cash Payment
3683404,1239335.1,2024-04-07,2024-09-20,96.0,Membership,Cash Payment
8886104,1262575.1,2025-07-01,,96.0,Membership,Cash Payment
8542004,1258238.1,2025-03-29,,96.0,Membership,Cash Payment
5704404,1249228.1,2024-10-17,,100.0,General_Donation,Cash Payment
6295404,12575007.3,2024-05-04,,100.0,General_Donation,Cash Payment
5534404,1239677.1,2024-04-14,,100.0,General_Donation,Cash Payment
2819404,1256880.1,2025-03-02,,100.0,General_Donation,Cash Payment
4147304,12548888.3,2024-03-03,,100.0,General_Donation,Cash Payment
8219404,12586974.3,2024-06-10,,100.0,General_Donation,Cash Payment
3917904,1258796.1,2025-04-13,,100.0,General_Donation,Cash Payment
2658094,12546266.3,2024-03-07,,100.0,General_Donation,Cash Payment
7680404,1238252.1,2024-03-17,,108.0,General_Donation,Cash Payment
153504,1247510.1,2024-09-13,,108.0,General_Donation,Cash Payment
134094,12645001.3,2024-10-03,,110.0,Membership_TopUp,Cash Payment
923504,1245866.1,2024-08-15,,110.0,General_Donation,Cash Payment
9233504,1246010.1,2024-08-17,,120.0,General_Donation,Cash Payment
6971504,1255980.1,2025-02-10,,120.0,General_Donation,Cash Payment
4174504,1244940.1,2024-07-28,,120.0,General_Donation,Cash Payment
2227894,1241596.1,2024-05-26,,130.0,General_Donation,Cash Payment
9383504,1244429.1,2024-07-19,,130.0,General_Donation,Cash Payment
3867604,1247926.1,2024-09-22,,132.0,General_Donation,Cash Payment
8359194,1251532.1,2024-11-28,,140.0,General_Donation,Cash Payment
7321704,12676755.3,2024-11-30,,140.0,Membership_TopUp,Cash Payment
1811704,1248256.1,2024-09-29,2025-06-22,144.0,Membership,Cash Payment
6245104,1262155.1,2025-06-23,,144.0,Membership,Cash Payment
9204104,1261558.1,2025-06-14,,144.0,Membership,Cash Payment
698904,1258101.1,2025-03-27,,144.0,Membership,Cash Payment
9454904,1257168.1,2025-03-08,,144.0,Membership,Cash Payment
6245104,1262149.1,2025-06-23,,144.0,Membership,Cash Payment
5670004,1260809.1,2025-05-26,2025-07-31,144.0,Membership,Cash Payment
6330004,1260576.1,2025-05-22,,144.0,Membership,Cash Payment
8164504,1244797.1,2024-07-26,,144.0,Membership,Cash Payment
557004,1259547.1,2025-04-29,2025-06-29,144.0,Membership,Cash Payment
2596704,1250037.1,2024-11-01,2025-06-22,144.0,Membership,Cash Payment
5200504,1242740.1,2024-06-20,2025-01-02,144.0,Membership,Cash Payment
8231904,1256184.1,2025-02-14,,144.0,Membership,Cash Payment
31104,1260936.1,2025-05-31,,144.0,Membership,Cash Payment
3584504,1245174.1,2024-08-03,,144.0,General_Donation,Cash Payment
6245104,1262137.1,2025-06-23,,144.0,Membership,Cash Payment
1738804,1255531.1,2025-02-01,2025-07-11,144.0,Membership,Cash Payment
8054904,1257113.1,2025-03-07,,144.0,Membership,Cash Payment
3009004,1260079.1,2025-05-10,,144.0,Membership,Cash Payment
4147304,1260890.1,2025-05-30,,144.0,Membership,Cash Payment
8876304,1237383.1,2024-02-28,2025-05-03,144.0,Membership,Cash Payment
2070004,1260755.1,2025-05-25,,144.0,Membership,Cash Payment
8524604,1247641.1,2024-09-15,2024-12-13,144.0,Membership,Cash Payment
6370004,1260759.1,2025-05-25,,144.0,Membership,Cash Payment
8876304,1237393.1,2024-02-28,2025-05-03,144.0,Membership,Cash Payment
4482504,1244004.1,2024-07-09,2025-01-21,144.0,Membership,Cash Payment
6245104,1262154.1,2025-06-23,,144.0,Membership,Cash Payment